query,result,location_coords,others_coords,roof_coords,name,website,google,usps,dpv
"Query:	
restaurant in wind river res
Viewport age:	FRESH
Query Locale:	en-US_US
Viewport Location:	41.17043, -104.807464
User Location:	41.191329, -104.799253
41.14275166837822, -104.7407349674262","Gannet Grill
Address:	
126 Main St.
Lander, WY 82520
United States
Classification	Mexican
Distance to User	372.617 km
Distance to Viewport	373.219 km
Lat, Lng	
42.832875, -108.727501","42.907088431637646, -108.15747537398045
42.90105286278481, -108.60791484120723
42.85677397008187, -108.70404521531054
42.87489190311848, -108.86609356022748
42.86885318294632, -109.33026593804048
42.977459738167276, -109.45660871543336
43.57535147013901, -109.4648484617851
43.758135895231774, -109.23688214605444
43.62308802250492, -108.99518291973762
43.7323414301865, -108.58044902003488
43.68270545084008, -108.35522928642148
43.58331019228115, -108.35522928642148
43.581320610371286, -108.15747537398045","43.028190, -108.381059
43.023289, -108.389602
43.034517453296075, -108.37962102937303
43.02435621796381, -108.38137423276862
43.024264667657526, -108.39740352095693
43.02408156663536, -108.39039070737455","42.83255170889316, -108.72769110309943
42.83267246433352, -108.72764564887952
42.83263913082409, -108.7274912760572",Gannett Grill,,"126 Main St, Lander, WY 82520, United States","126 MAIN ST

LANDER WY 82520-3126",Selecione
