query,result,location_coords,others_coords,roof_coords,name,website,google,usps,dpv
"Query:	
bars
Viewport age:	FRESH
Query Locale:	en-US_US
Viewport Location:	32.763363, -117.138365
User Location:	32.761575155334846, -117.14687855520339
32.760976433829605, -117.14692682986491","Small Bar
Address:	
4628 Park Blvd.
San Diego, CA 92116
United States
Classification	Bar
Distance to User	0.04 km
Distance to Viewport	0.783 km
Lat, Lng	
32.761539434349274, -117.1464505574716",,"32.76137834960125, -117.14654781919734
32.761095906700696, -117.14593930433276
32.76271848857157, -117.13038169172331
32.76206137382609, -117.14613464661592
32.76002828339499, -117.1304822550936
32.762346218801085, -117.14557976918957","45.49780528154903, -122.64437929395966
45.4978043415198, -122.64408961537697
45.49768495768348, -122.64409229758606",Small Bar,,"4628 Park Blvd, San Diego, CA 92116, Estados Unidos","4628 PARK BLVD

SAN DIEGO CA 92116-2629",N
