query,result,location_coords,others_coords,roof_coords,name,website,google,usps,dpv
"Query:	
134 Paige St. Owego, NY
Viewport age:	STALE
Query Locale:	en-US_US
Viewport Location:	34.074196, -84.25301
User Location:	42.165527, -76.003418
34.09093530884023, -84.26632187596405","134 Paige St.
Address:	
134 Paige St.
Owego, NY 13827
United States
Classification	
Distance to User	22.125 km
Distance to Viewport	1134.453 km
Lat, Lng	
42.108268, -76.260149","42.10819244159643, -76.26022109539242
42.10838424196039, -76.2597453941542
42.108589851306064, -76.25986742186313
42.10849241710969, -76.26042481961534
42.10830905628684, -76.26036794229337
42.10829217785808, -76.26031003083828",,"42.10822466409809, -76.26018076419746
42.10831533763706, -76.25997006252085
42.10835911483352, -76.26000627234369",,,"134 Paige St, Owego, NY 13827, United States","134 PAIGE ST

OWEGO NY 13827-",N
