query,result,location_coords,others_coords,roof_coords,name,website,google,usps,dpv
"Query:	
86 Water St, St. Augustine FL
Viewport age:	STALE
Query Locale:	en-US_US
Viewport Location:	29.885604, -81.326121
User Location:	29.886828518206173, -81.32979081867816
29.896559180920082, -81.31709250302643","84 Water St
Address:	
84 Water St
St. Augustine, FL 32084
United State
Classification	
Distance to User	2.432 km
Distance to Viewport	2.331 km
Lat, Lng	
29.903374249262114, -81.31332727461009","29.90318763909738, -81.31360187255645
29.90325325762326, -81.31314504032039
29.90358134960434, -81.31321144035472",,"29.903335050652426, -81.31325315299483
29.90342984692425, -81.31327088623826
29.903415115077113, -81.31340979664506
29.903404226319136, -81.31340757998962
29.90339782116685, -81.31343565762505
29.9033920565294, -81.31343491873989
29.903391416014106, -81.31344821867246
29.90340935044068, -81.31345265198333
29.903417677137647, -81.31346669080104
29.903415115077113, -81.31349994063244
29.90340102374303, -81.31351250167987
29.90333825323064, -81.31350215728787
29.903330567042733, -81.313549445937
29.903294057642054, -81.31354131820042
29.903295979189814, -81.31351176279473
29.903248581001456, -81.31350511282845
29.903270358550266, -81.31337211350278
29.9033478609647, -81.31338763009079
29.90334722044913, -81.31336620242165
29.90332288085424, -81.31336250799593",,,"84 Water St, St. Augustine, FL 32084, eua","84 WATER ST

ST AUGUSTINE FL 32084-2882",Y
