query,result,location_coords,others_coords,roof_coords,name,website,google,usps,dpv
"Query:	
84 Water St, St. Augustine FL
Viewport age:	STALE
Query Locale:	en-US_US
Viewport Location:	29.885604, -81.326121
User Location:	29.886828518206173, -81.32979081867816
29.896411553235737, -81.31709988376731","84 Water St
Address:	
84 Water St
St. Augustine, FL 32084
United States
Classification	
Distance to User	2.432 km
Distance to Viewport	2.331 km
Lat, Lng	
29.903374249262114, -81.31332727461009","29.90318661737368, -81.31360037078355
29.903252425402272, -81.31314488292871
29.903580174545795, -81.31321335495939","25.790050819687913, -80.13214134625916
25.766911421758547, -80.1925472808176
25.6902616255764, -80.31455405833341","29.903334866871756, -81.31325296261768
29.903428452322494, -81.31327194428266
29.90340685568781, -81.31344989739175
29.903417139800162, -81.31346769270267
29.903414054566547, -81.31349853790825
29.90339965680854, -81.3135115878029
29.903341037343733, -81.31350091061637
29.903329724811446, -81.31354955113285
29.9032927019696, -81.31354361936255
29.903294870470127, -81.313513135704
29.903248368032507, -81.31350374797239
29.903273944375883, -81.3133709786254
29.903316959120364, -81.31338170746152",,,"84 Water St, St. Augustine, FL 32084, EUA","84 WATER ST

ST AUGUSTINE FL 32084-2882",Y
