query,result,location_coords,others_coords,roof_coords,name,website,google,usps,dpv
"Query:	
1690 Manning St PA
Viewport age:	STALE
Query Locale:	en-US_US
Viewport Location:	39.947573, -75.169249
User Location:	39.94984215103248, -75.17212989801891
39.952402858149824, -75.17588900134724","1700 Manning St
Address:	
1700 Manning St
Philadelphia, PA 19103

Classification	
Distance to User	0.299 km
Distance to Viewport	0.053 km
Lat, Lng	
39.94793047355631, -75.1696606124799","39.94786806064964, -75.16965362163273
39.94795647973491, -75.16963350506448
39.94796521882435, -75.16970860691926",,"39.94789016543168, -75.16964289279633
39.9479379734242, -75.16963417561675
39.947943628130794, -75.16967172654414",,,"1700 Manning St, Philadelphia, PA 19103, EUA","1700 MANNING ST

PHILADELPHIA PA 19103-6108",Y
